Lukasz ,Morgan,LukaszMorgan@gmail.com,5/17/84,Hana Morgan,Boston,39,49
Rosemary ,Joyner,RosemaryJoyner@gmail.com,6/10/85,Zoya Joyner,Boston,39,31
Azra,Frederick,AzraFrederick@gmail.com,12/3/85,Willie Frederick,Boston,31,32
Kieran ,Moreno,KieranMoreno@gmail.com,1/19/87,Nettie Moreno,Boston,36,37
Blossom ,Ryan,BlossomRyan@gmail.com,4/5/87,Kara Ryan,Boston,32,43
Burhan ,Robins,BurhanRobins@gmail.com,8/9/87,Lara Robins,Boston,40,35
Missy ,Fenton,MissyFenton@gmail.com,10/13/87,Halima Fenton,Boston,49,32
Olaf ,Terry,OlafTerry@gmail.com,4/30/88,Laila Terry,Boston,43,31
Alima ,Ponce,AlimaPonce@gmail.com,12/22/88,Alicia Ponce,Boston,34,43
Awais ,Connolly,AwaisConnolly@gmail.com,12/26/83,Caroline Connolly,Boston,30,46